token,token_is_pronoun,token.normal,token.normal_is_pronoun
-END-,False,END,True
-Muuga,False,Muuga,True
-lä-he-tu-ses,True,lähetuses,False
-sulgi,False,sulgi,True
-tagi,False,tagi,True
Aastaküm-neid,True,Aastakümneid,False
Aju-ti-selt,True,Ajutiselt,False
Al-gu-ses,True,Alguses,False
Al-ma,True,Alma,False
Angele-ses,True,Angeleses,False
Avatar-me,True,Avatarme,False
Brüs-sel,True,Brüssel,False
E-mu,True,Emu,False
Eda-si-sel,True,Edasisel,False
Eel-mi-sel,True,Eelmisel,False
Ees-ti-su-gu-ses,True,Eestisuguses,False
Ehitusfir-ma,True,Ehitusfirma,False
Eil-sest,True,Eilsest,False
En-dal,False,Endal,True
End-i,False,Endi,True
End-is,False,Endis,True
Esi-me-ne,False,Esimene,True
Esi-me-se,False,Esimese,True
Esi-me-sed,False,Esimesed,True
Esi-me-si,False,Esimesi,True
Esi-mene,False,Esimene,True
Esi-mes-tel,False,Esimestel,True
Esi-mese,False,Esimese,True
Esi-mesed,False,Esimesed,True
Esi-mesel,False,Esimesel,True
Esime-ne,False,Esimene,True
Esime-sed,False,Esimesed,True
Esime-sena,False,Esimesena,True
Esimes-se,False,Esimesse,True
Et-te-val-mis-ta-mi-sel,True,Ettevalmistamisel,False
Ettevõt-teid,True,Ettevõtteid,False
Fir-ma,True,Firma,False
Füüsi-li-sest,True,Füüsilisest,False
Gaudea-must,True,Gaudeamust,False
Hai-ge-kas-sa,True,Haigekassa,False
Het-kel,True,Hetkel,False
Hin-nad,True,Hinnad,False
Hingetõm-me,True,Hingetõmme,False
Hir-mu,True,Hirmu,False
Hom-me,True,Homme,False
Hom-seks,True,Homseks,False
I-ga,False,Iga,True
I-s-e,False,Ise,True
I-se,False,Ise,True
Il-le-gaal-selt,True,Illegaalselt,False
Il-ma,True,Ilma,False
In-ter-nat-sio-naal-su-sel,True,Internatsionaalsusel,False
In-ves-tee-ri-mi-seks,True,Investeerimiseks,False
Ini-me-sel,True,Inimesel,False
Joonisfil-mis,True,Joonisfilmis,False
Järg-mi-seks,True,Järgmiseks,False
Järg-mi-sel,True,Järgmisel,False
Järgmi-seks,True,Järgmiseks,False
Järgmi-sel,True,Järgmisel,False
Jäät-meid,True,Jäätmeid,False
KEL-LELGI,False,KELLELGI,True
Ka-ris-tu-seks,True,Karistuseks,False
Ke-da,False,Keda,True
Kee-gi,False,Keegi,True
Kel-lelgi,False,Kellelgi,True
Kellaosu-teid,True,Kellaosuteid,False
Kesk-i,False,Keski,True
Kesk-mi-selt,True,Keskmiselt,False
Kli-endid,True,Kliendid,False
Ko-da-kond-sus-,True,Kodakondsus,False
Ko-ge-mus,True,Kogemus,False
Konk-reet-selt,True,Konkreetselt,False
Kre-ma-too-ri-u-mis,True,Krematooriumis,False
Kruu-sa,True,Kruusa,False
Kultuurikesku-ses,True,Kultuurikeskuses,False
Kumb-ki,False,Kumbki,True
Kõi-ge,False,Kõige,True
Kõi-geks,False,Kõigeks,True
Kõi-gel,False,Kõigel,True
Kõi-ges,False,Kõiges,True
Kõi-gest,False,Kõigest,True
Kõi-gi,False,Kõigi,True
Kõi-gile,False,Kõigile,True
Kõiki-de,False,Kõikide,True
Kõõ-ma,True,Kõõma,False
Küm-me,True,Kümme,False
Küpro-sel,True,Küprosel,False
Küpro-selt,True,Küproselt,False
Le-gaal-selt,True,Legaalselt,False
Li-ma,True,Lima,False
Linnavalitsu-ses,True,Linnavalitsuses,False
Lu-me-,True,Lume,False
Lut-su,True,Lutsu,False
Lutsuviskami-ses,True,Lutsuviskamises,False
Luurerüh-ma,True,Luurerühma,False
Lää-ne-me-re-tao-li-ses,True,Läänemeretaolises,False
Lõh-mus,True,Lõhmus,False
Lõh-nad,True,Lõhnad,False
M-I-D-A-G-I,False,MIDAGI,True
M-I-N-U,False,MINU,True
M-I-T-M-E-S-U-G-U-S-T,False,MITMESUGUST,True
M-e,False,Me,True
M-i-l-l-e,False,Mille,True
M-il,False,Mil,True
M-ilt,False,Milt,True
M-ina,False,Mina,True
M-is,False,Mis,True
MI-DA-GI,False,MIDAGI,True
Maail-ma,True,Maailma,False
Mahat-ma,True,Mahatma,False
Maksimaal-selt,True,Maksimaalselt,False
Mal-tal,True,Maltal,False
Mal-talt,True,Maltalt,False
Mal-tas,True,Maltas,False
Mal-tast,True,Maltast,False
Mam-ma,True,Mamma,False
Masi-nad,True,Masinad,False
Meie-ga,False,Meiega,True
Mi-da,False,Mida,True
Mi-da-gi,False,Midagi,True
Mi-dagi,False,Midagi,True
Mi-na,False,Mina,True
Mi-nu,False,Minu,True
Mi-nu-le,False,Minule,True
Mi-tu,False,Mitu,True
Mil-leks,False,Milleks,True
Mil-line,False,Milline,True
Mil-lised,False,Millised,True
Min-geid,False,Mingeid,True
Min-gi,False,Mingi,True
Ming-i,False,Mingi,True
Mit-med,False,Mitmed,True
Mit-mel,False,Mitmel,True
Mo-biil-su-seks,True,Mobiilsuseks,False
Mul-le,False,Mulle,True
Mulgi-,False,Mulgi,True
Muu-del,False,Muudel,True
Muuga-,False,Muuga,True
Mälestu-sest,True,Mälestusest,False
Mõ-lema,False,Mõlema,True
Mõ-lemad,False,Mõlemad,True
Mõ-lemal,False,Mõlemal,True
Mõ-lemas,False,Mõlemas,True
Mõ-lemast,False,Mõlemast,True
Mõ-lemat,False,Mõlemat,True
Mõ-ne,False,Mõne,True
Mõ-ned,False,Mõned,True
Mõ-nede,False,Mõnede,True
Mõ-nel,False,Mõnel,True
Mõ-nes,False,Mõnes,True
Mõ-ni,False,Mõni,True
Mõ-ningatel,False,Mõningatel,True
Mõi-sa,True,Mõisa,False
Mõle-mad,False,Mõlemad,True
Mõle-mas,False,Mõlemas,True
Mõn-da,False,Mõnda,True
NAF-TA,True,NAFTA,False
Ne-mad,False,Nemad,True
Nee-me,True,Neeme,False
Nei-le,False,Neile,True
Nen-de,False,Nende,True
Nen-de-le,False,Nendele,True
Nen-dega,False,Nendega,True
Nen-deks,False,Nendeks,True
Nen-des,False,Nendes,True
Nen-dest,False,Nendest,True
Nii-su-gus-te,False,Niisuguste,True
Niisu-gune,False,Niisugune,True
Niisu-guseid,False,Niisuguseid,True
Niisu-gusel,False,Niisugusel,True
Nooru-ses,True,Nooruses,False
NÕ-ME,True,NÕME,False
Näili-selt,True,Näiliselt,False
Nõm-me,True,Nõmme,False
O-le-me,True,Oleme,False
OM-I,False,OMI,True
Odavis-kes,True,Odaviskes,False
Odavlennufir-ma,True,Odavlennufirma,False
Om-i,False,Omi,True
Orgmet-sa,True,Orgmetsa,False
Osa-li-selt,True,Osaliselt,False
Ot-sus,True,Otsus,False
Pal-ju,False,Palju,True
Pal-ju-de,False,Paljude,True
Pal-ju-de-le,False,Paljudele,True
Pal-ju-del,False,Paljudel,True
Pal-jud,False,Paljud,True
Palju-de,False,Paljude,True
Pea-mi-selt,True,Peamiselt,False
Pea-mi-sest,True,Peamisest,False
Peat-selt,True,Peatselt,False
Pi-kaa-ja-li-se-ma,True,Pikaajalisema,False
Poolkait-ses,True,Poolkaitses,False
Prae-gu-seks,True,Praeguseks,False
Prob-lee-me,True,Probleeme,False
Prog-ram-mis,True,Programmis,False
Päi-ke-sel,True,Päikesel,False
Pää-sust,True,Pääsust,False
Põhili-selt,True,Põhiliselt,False
Rannamõi-sa,True,Rannamõisa,False
Ras-mus,True,Rasmus,False
Ro-he-li-sest,True,Rohelisest,False
Ru-ma-lu-sest,True,Rumalusest,False
Rää-gi-me,True,Räägime,False
Rääkisi-me,True,Rääkisime,False
Rõõ-mus,True,Rõõmus,False
Sa-ma-su-gu-ne,False,Samasugune,True
Sa-mad,False,Samad,True
Sa-mal,False,Samal,True
Sa-mas,False,Samas,True
Sak-sa,True,Saksa,False
Salaa-mis,True,Salaamis,False
Sar-na-selt,True,Sarnaselt,False
Se-da,False,Seda,True
Seesu-gune,False,Seesugune,True
Sei-sul,True,Seisul,False
Seksuaalpervers-sus,True,Seksuaalperverssus,False
Sel-le,False,Selle,True
Sel-le-ga,False,Sellega,True
Sel-le-le,False,Sellele,True
Sel-lega,False,Sellega,True
Sel-leks,False,Selleks,True
Sel-lel,False,Sellel,True
Sel-les,False,Selles,True
Sel-li-ne,False,Selline,True
Sel-li-se,False,Sellise,True
Sel-li-sed,False,Sellised,True
Sel-line,False,Selline,True
Sel-lis-tel,False,Sellistel,True
Sel-lised,False,Sellised,True
Sel-listes,False,Sellistes,True
Selle-ga,False,Sellega,True
Selli-se,False,Sellise,True
Selli-seid,False,Selliseid,True
Si-nu,False,Sinu,True
Si-su-li-selt,True,Sisuliselt,False
Sii-mul,True,Siimul,False
Sil-ma,True,Silma,False
Sin-a,False,Sina,True
Sir-kel,True,Sirkel,False
Sisuli-selt,True,Sisuliselt,False
Stockhol-mis,True,Stockholmis,False
Sur-ma,True,Surma,False
Sää-rane,False,Säärane,True
Sää-raseid,False,Sääraseid,True
Sää-rast,False,Säärast,True
Sõr-mus,True,Sõrmus,False
Sügi-sel,True,Sügisel,False
Süüdimõist-mi-sel,True,Süüdimõistmisel,False
T-A,False,TA,True
Ta-va-li-selt,True,Tavaliselt,False
Tag-i,False,Tagi,True
Taksondu-ses,True,Taksonduses,False
Tam-me,True,Tamme,False
Tarbekunstimuuseu-mis,True,Tarbekunstimuuseumis,False
Tavali-selt,True,Tavaliselt,False
Te-ge-lik-ku-ses,True,Tegelikkuses,False
Te-ma-gi,False,Temagi,True
Teadsi-me,True,Teadsime,False
Teenindu-ses,True,Teeninduses,False
Tei-ne,False,Teine,True
Tei-se,False,Teise,True
Teis-te,False,Teiste,True
Teis-tel,False,Teistel,True
Teis-tes,False,Teistes,True
Teis-test,False,Teistest,True
Tervi-seks,True,Terviseks,False
Texa-ses,True,Texases,False
Tin-gi-mus,True,Tingimus,False
Tol-la-ses,True,Tollases,False
Tor-mis,True,Tormis,False
Tra-dit-sio-naal-selt,True,Traditsionaalselt,False
Truudu-setu,True,Truudusetu,False
Tu-le-mu-seks,True,Tulemuseks,False
Tu-lu-mak-su,True,Tulumaksu,False
Tulistamishet-kel,True,Tulistamishetkel,False
Tä-na-me,True,Täname,False
Täp-selt,True,Täpselt,False
Tõen-äo-li-selt,True,Tõenäoliselt,False
Tõl-kes,True,Tõlkes,False
Ussisõ-nad,True,Ussisõnad,False
Uuskasutuskesku-ses,True,Uuskasutuskeskuses,False
Va-ja-du-sest,True,Vajadusest,False
Va-na-e-ma,True,Vanaema,False
Vajadu-sel,True,Vajadusel,False
Val-mis,True,Valmis,False
Valimisjaoskon-nad,True,Valimisjaoskonnad,False
Var-ma,True,Varma,False
Vas-ta-sel,True,Vastasel,False
Vas-tu-seks,True,Vastuseks,False
Vaskrää-ma,True,Vaskrääma,False
Vega-sesse,True,Vegasesse,False
Ven-nad,True,Vennad,False
Vil-niu-ses,True,Vilniuses,False
Virtuaal-seks,True,Virtuaalseks,False
aastaküm-me,True,aastakümme,False
aastaküm-neid,True,aastakümneid,False
ab-so-luut-selt,True,absoluutselt,False
ab-surd-sel,True,absurdsel,False
abi-kaa-sa,True,abikaasa,False
aeg-la-selt,True,aeglaselt,False
ain-sa,True,ainsa,False
aja-loo-li-selt,True,ajalooliselt,False
aja-mi-sel,True,ajamisel,False
aja-pom-me,True,ajapomme,False
ajalooli-seks,True,ajalooliseks,False
ajaraiskami-seks,True,ajaraiskamiseks,False
aju-ti-selt,True,ajutiselt,False
ak-tiiv-selt,True,aktiivselt,False
aka-dee-mi-li-ses,True,akadeemilises,False
al-ga-tas,True,algatas,False
al-gu-ses,True,alguses,False
al-gu-sest,True,algusest,False
al-ter-na-tiiv-seks,True,alternatiivseks,False
ala-li-selt,True,alaliselt,False
ala-ti-seks,True,alatiseks,False
alafinantseerimi-sest,True,alafinantseerimisest,False
alis-tas,True,alistas,False
am-mu,True,ammu,False
am-must,True,ammust,False
ame-tia-su-tu-ses,True,ametiasutuses,False
amet-li-kes,True,ametlikes,False
ametkon-nad,True,ametkonnad,False
analüüsimi-seks,True,analüüsimiseks,False
and-mi-seks,True,andmiseks,False
and-mi-sel,True,andmisel,False
andme-te,True,andmete,False
andmi-sest,True,andmisest,False
ar-ves-ta-ma,True,arvestama,False
araab-la-sest,True,araablasest,False
aren-da-mi-seks,True,arendamiseks,False
aren-da-mi-sel,True,arendamisel,False
aren-gu-suu-nad,True,arengusuunad,False
arendami-sel,True,arendamisel,False
armastu-sest,True,armastusest,False
aru-saa-mi-seks,True,arusaamiseks,False
aru-tu-sel,True,arutusel,False
arutami-sel,True,arutamisel,False
arvestu-ses,True,arvestuses,False
as-jaa-ja-mi-sest,True,asjaajamisest,False
as-tu-me,True,astume,False
as-tu-mi-sel,True,astumisel,False
as-tu-mi-sest,True,astumisest,False
asu-mi-sel,True,asumisel,False
at-rak-tiiv-sust,True,atraktiivsust,False
au-dii-tor-fir-ma,True,audiitorfirma,False
au-kon-sul,True,aukonsul,False
au-to-liik-lu-sest,True,autoliiklusest,False
au-to-maat-selt,True,automaatselt,False
audiitorfir-ma,True,audiitorfirma,False
aust-ri-kas-va-tu-sel,True,austrikasvatusel,False
autent-sest,True,autentsest,False
autoliiklu-ses,True,autoliikluses,False
ava-li-kus-tas,True,avalikustas,False
ava-ne-mi-sest,True,avanemisest,False
ava-ra-ma,True,avarama,False
aval-dami-seks,True,avaldamiseks,False
barbaar-sus,True,barbaarsus,False
bussifir-ma,True,bussifirma,False
de-tail-selt,True,detailselt,False
demonstratiiv-sel,True,demonstratiivsel,False
depressioonisümpto-meid,True,depressioonisümptomeid,False
dialoogikesk-sest,True,dialoogikesksest,False
dis-tant-si-li-selt,True,distantsiliselt,False
disainimi-seks,True,disainimiseks,False
dramaatili-seks,True,dramaatiliseks,False
duubelrivistu-ses,True,duubelrivistuses,False
duširuu-mis,True,duširuumis,False
dünaa-mi-li-se-ma,True,dünaamilisema,False
ebaküp-sust,True,ebaküpsust,False
ebamää-ra-selt,True,ebamääraselt,False
ebap-ro-port-sio-naal-selt,True,ebaproportsionaalselt,False
ebatavali-selt,True,ebatavaliselt,False
ede-vu-sest,True,edevusest,False
eden-da-mi-seks,True,edendamiseks,False
eden-da-mi-sel,True,edendamisel,False
edendami-sest,True,edendamisest,False
edes-tas,True,edestas,False
edusei-sus,True,eduseisus,False
ee-li-seks,True,eeliseks,False
ee-lis-ta-ma,True,eelistama,False
eel-du-seks,True,eelduseks,False
eel-du-sest,True,eeldusest,False
eel-mi-sel,True,eelmisel,False
eel-tin-gi-mu-seks,True,eeltingimuseks,False
eelmi-sel,True,eelmisel,False
eelmi-ses,True,eelmises,False
eelmi-sest,True,eelmisest,False
eest-la-sel,True,eestlasel,False
eest-la-selt,True,eestlaselt,False
eest-la-sest,True,eestlasest,False
eest-ve-da-mi-sel,True,eestvedamisel,False
eestiaeg-sest,True,eestiaegsest,False
efek-tiiv-se-ma,True,efektiivsema,False
efek-tiiv-sel,True,efektiivsel,False
efek-tiiv-selt,True,efektiivselt,False
efek-tiiv-sust,True,efektiivsust,False
efektiiv-sust,True,efektiivsust,False
ehi-tu-seks,True,ehituseks,False
ehi-tu-selt,True,ehituselt,False
ehi-tus-fir-ma,True,ehitusfirma,False
ehitami-seks,True,ehitamiseks,False
eil-seks,True,eilseks,False
eil-sel,True,eilsel,False
eil-sest,True,eilsest,False
eks-por-diar-tik-kel,True,ekspordiartikkel,False
el-lu-vii-mi-sel,True,elluviimisel,False
el-lujää-mi-seks,True,ellujäämiseks,False
ela-mi-seks,True,elamiseks,False
ela-ni-kel,True,elanikel,False
ela-tus-ta-se-me,True,elatustaseme,False
elami-sest,True,elamisest,False
elekt-rooni-li-seks,True,elektrooniliseks,False
eli-taar-su-sest,True,elitaarsusest,False
elu-ko-ge-must,True,elukogemust,False
elu-te-ge-vu-seks,True,elutegevuseks,False
elustiiliprogram-me,True,elustiiliprogramme,False
emot-sio-naal-selt,True,emotsionaalselt,False
en-da,False,enda,True
en-da-ga,False,endaga,True
en-da-le,False,endale,True
en-da-le-gi,False,endalegi,True
en-dal,False,endal,True
en-dale,False,endale,True
en-dalt,False,endalt,True
en-das,False,endas,True
en-dast,False,endast,True
en-di,False,endi,True
en-di-selt,True,endiselt,False
en-did,False,endid,True
en-dist,False,endist,True
en-nast,False,ennast,True
en-nastki,False,ennastki,True
en-nus-tu-sel,True,ennustusel,False
enami-kes,True,enamikes,False
enda-le,False,endale,True
ener-gia-mak-su,True,energiamaksu,False
era-kord-selt,True,erakordselt,False
erakon-nad,True,erakonnad,False
erastami-ses,True,erastamises,False
eri-li-seks,True,eriliseks,False
eri-li-selt,True,eriliselt,False
eri-omast,True,eriomast,False
eria-la-kir-jan-du-ses,True,erialakirjanduses,False
eristami-seks,True,eristamiseks,False
eriük-sus,True,eriüksus,False
esi-me-ne,False,esimene,True
esi-me-se,False,esimese,True
esi-me-se-na,False,esimesena,True
esi-me-sed,False,esimesed,True
esi-mene,False,esimene,True
esi-mes-teks,False,esimesteks,True
esi-mes-tel,False,esimestel,True
esi-mese,False,esimese,True
esi-mesed,False,esimesed,True
esi-meseks,False,esimeseks,True
esi-mesel,False,esimesel,True
esi-mesele,False,esimesele,True
esi-mesena,False,esimesena,True
esi-meses,False,esimeses,True
esi-mesest,False,esimesest,True
esi-messe,False,esimesse,True
esi-mest,False,esimest,True
esi-ne-ma,True,esinema,False
esi-ta-ma,True,esitama,False
esi-ta-mi-sel,True,esitamisel,False
esi-tas,True,esitas,False
esime-se,False,esimese,True
esime-sed,False,esimesed,True
esime-sena,False,esimesena,True
esimes-te,False,esimeste,True
esimes-teks,False,esimesteks,True
esimes-tel,False,esimestel,True
esimes-tes,False,esimestes,True
esimese-na,False,esimesena,True
esinemi-ses,True,esinemises,False
et-te-val-mis-ta-mi-sel,True,ettevalmistamisel,False
et-te-val-mis-tus-kur-su-sel,True,ettevalmistuskursusel,False
ettehei-teid,True,etteheiteid,False
ettevalmis-ta-mi-sel,True,ettevalmistamisel,False
ettevõt-teid,True,ettevõtteid,False
ettevõtmi-sest,True,ettevõtmisest,False
euro-opla-seks,True,eurooplaseks,False
euroopastumi-sest,True,euroopastumisest,False
fi-nant-see-ri-mi-seks,True,finantseerimiseks,False
fil-me,True,filme,False
fil-mi-maa-il-ma,True,filmimaailma,False
fil-mis,True,filmis,False
finantseerimi-seks,True,finantseerimiseks,False
fir-ma,True,firma,False
folkloorirüh-ma,True,folkloorirühma,False
föderatiivsu-sest,True,föderatiivsusest,False
füüsi-li-selt,True,füüsiliselt,False
füüsi-li-sest,True,füüsilisest,False
gaasipüs-tol,True,gaasipüstol,False
ge-nee-ti-li-selt,True,geneetiliselt,False
geeniu-seks,True,geeniuseks,False
geog-raa-fi-li-selt,True,geograafiliselt,False
glo-baal-sel,True,globaalsel,False
ha-ri-du-sest,True,haridusest,False
ha-ri-dussüstee-me,True,haridussüsteeme,False
ha-rul-da-selt,True,haruldaselt,False
hai-ge-kas-sa,True,haigekassa,False
haigekas-sa,True,haigekassa,False
hak-ka-ma,True,hakkama,False
hak-ka-me,True,hakkame,False
hal-ve-ma,True,halvema,False
hammustu-sest,True,hammustusest,False
han-ki-ma,True,hankima,False
hankimi-seks,True,hankimiseks,False
haridu-ses,True,hariduses,False
heategevu-seks,True,heategevuseks,False
heitlu-ses,True,heitluses,False
het-kel,True,hetkel,False
hi-lissügi-sel,True,hilissügisel,False
hiidlas-te,True,hiidlaste,False
hin-da-ma,True,hindama,False
hin-da-mi-seks,True,hindamiseks,False
hin-na-ta-se-me,True,hinnataseme,False
hin-nad,True,hinnad,False
hin-nan-gu-li-selt,True,hinnanguliselt,False
hindami-sest,True,hindamisest,False
hingami-sest,True,hingamisest,False
hingetõm-me,True,hingetõmme,False
hinnanguli-selt,True,hinnanguliselt,False
hir-mu,True,hirmu,False
hir-mu-tas,True,hirmutas,False
hir-muga,True,hirmuga,False
hir-mul,True,hirmul,False
hir-mus,True,hirmus,False
hir-must,True,hirmust,False
his-paan-la-sest,True,hispaanlasest,False
hoid-mi-seks,True,hoidmiseks,False
hoidmi-sest,True,hoidmisest,False
hom-me,True,homme,False
hom-ses,True,homses,False
homoseksuaalsu-sest,True,homoseksuaalsusest,False
hoolit-seda,True,hoolitseda,False
hulgali-selt,True,hulgaliselt,False
hä-vi-ta-mi-sel,True,hävitamisel,False
hä-vi-tas,True,hävitas,False
häm-mas-tas,True,hämmastas,False
hämami-seks,True,hämamiseks,False
hävitami-seks,True,hävitamiseks,False
hõbe-ta-se-me,True,hõbetaseme,False
hõl-ma,True,hõlma,False
hüppe-li-selt,True,hüppeliselt,False
i-ga,False,iga,True
i-sa,True,isa,False
iga-le,False,igale,True
iga-su-gu-ne,False,igasugune,True
iga-su-gu-seid,False,igasuguseid,True
iga-su-gust,False,igasugust,True
igapäe-va-seks,True,igapäevaseks,False
igasu-gune,False,igasugune,True
igasu-guse,False,igasuguse,True
igasu-gused,False,igasugused,True
igasu-guseid,False,igasuguseid,True
igasu-guste,False,igasuguste,True
igasu-gustest,False,igasugustest,True
igasugu-seid,False,igasuguseid,True
igaühe-ni,False,igaüheni,True
il-le-gaal-selt,True,illegaalselt,False
il-ma,True,ilma,False
il-me,True,ilme,False
il-mus,True,ilmus,False
im-pee-riu-mis,True,impeeriumis,False
in-fo-kes-ku-sest,True,infokeskusest,False
in-ter-ne-tipõhi-sest,True,internetipõhisest,False
in-va-liid-sus-,True,invaliidsus,False
in-ves-tee-rin-gu-va-ja-du-sest,True,investeeringuvajadusest,False
ing-lis-keel-ses,True,ingliskeelses,False
ini-me-selt,True,inimeselt,False
inim-mina,True,inimmina,False
inime-seks,True,inimeseks,False
inime-sest,True,inimesest,False
integreerumi-sest,True,integreerumisest,False
investeerisi-me,True,investeerisime,False
iroonili-selt,True,irooniliselt,False
isamaaliitla-sest,True,isamaaliitlasest,False
ise-enesegi,False,iseenesegi,True
ise-enesestki,False,iseenesestki,True
iseen-nast-ki,False,iseennastki,True
iseküsi-mus,True,iseküsimus,False
istusi-me,True,istusime,False
ja-hi-pi-da-mi-seks,True,jahipidamiseks,False
ja-hin-du-ses,True,jahinduses,False
ja-lu-ta-mi-seks,True,jalutamiseks,False
jaa-pan-la-sest,True,jaapanlasest,False
jak-sa,True,jaksa,False
jalg-ra-tast,True,jalgratast,False
joomarlu-sest,True,joomarlusest,False
juhendami-sel,True,juhendamisel,False
juhtimi-sel,True,juhtimisel,False
juur-depää-su,True,juurdepääsu,False
jäl-gi-ma,True,jälgima,False
jäne-seks,True,jäneseks,False
jänesekostüü-mis,True,jänesekostüümis,False
jär-gi-ma,True,järgima,False
järg-mi-sel,True,järgmisel,False
järgmi-seks,True,järgmiseks,False
järgmi-sel,True,järgmisel,False
järgmi-sest,True,järgmisest,False
jät-ka-mi-sel,True,jätkamisel,False
jäät-meid,True,jäätmeid,False
jäät-mek-äit-lu-ses,True,jäätmekäitluses,False
jõud-mi-seks,True,jõudmiseks,False
jõudmi-seks,True,jõudmiseks,False
jõuetuksjäämi-sest,True,jõuetuksjäämisest,False
jõulu-puh-ku-seks,True,jõulupuhkuseks,False
ka-du-ma,True,kaduma,False
ka-hek-sa,True,kaheksa,False
ka-jas-ta-mi-seks,True,kajastamiseks,False
ka-ma,True,kama,False
ka-nad,True,kanad,False
ka-su,True,kasu,False
ka-su-ta-ma,True,kasutama,False
ka-su-ta-mi-sel,True,kasutamisel,False
ka-su-ta-mi-sest,True,kasutamisest,False
ka-su-tu-sel,True,kasutusel,False
ka-su-tus-vald-kon-nad,True,kasutusvaldkonnad,False
ka-vat-ses,True,kavatses,False
kaa-lu-ma,True,kaaluma,False
kaa-sa,True,kaasa,False
kaa-sama,True,kaasama,False
kaa-sus,True,kaasus,False
kaas-fi-nant-see-ri-mi-seks,True,kaasfinantseerimiseks,False
kaas-fi-nant-see-ri-mi-sel,True,kaasfinantseerimisel,False
kaaslas-te,True,kaaslaste,False
kah-jus-ta-ma,True,kahjustama,False
kahek-sa,True,kaheksa,False
kahet-sust,True,kahetsust,False
kaht-lus-ta-ma,True,kahtlustama,False
kait-seks,True,kaitseks,False
kait-ses,True,kaitses,False
kaits-mi-seks,True,kaitsmiseks,False
kaits-mi-sel,True,kaitsmisel,False
kal-ku-neid,True,kalkuneid,False
kan-di-dee-ri-ma,True,kandideerima,False
kan-di-dee-ri-mi-seks,True,kandideerimiseks,False
kan-di-dee-ri-mi-sel,True,kandideerimisel,False
kandideerimi-sest,True,kandideerimisest,False
kangelasesei-susse,True,kangelaseseisusse,False
kaotussei-sus,True,kaotusseisus,False
kar-milt,True,karmilt,False
kar-tu-ses,True,kartuses,False
kartu-ses,True,kartuses,False
kas-va-mi-sest,True,kasvamisest,False
kasutami-seks,True,kasutamiseks,False
kasutami-ses,True,kasutamises,False
kasutami-sest,True,kasutamisest,False
kasvatuspõhimõt-teid,True,kasvatuspõhimõtteid,False
kat-su-mus,True,katsumus,False
katmi-seks,True,katmiseks,False
kau-ba-kes-ku-ses,True,kaubakeskuses,False
kau-ban-dus-ma-jan-dus-li-kes,True,kaubandusmajanduslikes,False
kaud-selt,True,kaudselt,False
kauplu-ses,True,kaupluses,False
kavat-ses,True,kavatses,False
ke-da,False,keda,True
ke-da-gi,False,kedagi,True
ke-nad,True,kenad,False
keda-gi,False,kedagi,True
kee-gi,False,keegi,True
kee-le-kur-sust,True,keelekursust,False
kee-le-li-selt,True,keeleliselt,False
kee-leos-ku-sest,True,keeleoskusest,False
kee-ru-li-seks,True,keeruliseks,False
keeri-ses,True,keerises,False
keevavereli-sust,True,keevaverelisust,False
keh-tes-ta-mi-sel,True,kehtestamisel,False
keh-tes-ta-mi-sest,True,kehtestamisest,False
keh-ti-ma,True,kehtima,False
kel-le,False,kelle,True
kel-le-ga,False,kellega,True
kel-le-gi,False,kellegi,True
kel-le-le,False,kellele,True
kel-le-le-gi,False,kellelegi,True
kel-lega,False,kellega,True
kel-legi,False,kellegi,True
kel-leks,False,kelleks,True
kel-lel,False,kellel,True
kel-lelegi,False,kellelegi,True
kel-leltki,False,kelleltki,True
keld-ri-ruu-me,True,keldriruume,False
kelle-ga,False,kellega,True
kelle-le,False,kellele,True
kelle-legi,False,kellelegi,True
ker-gek-äe-li-selt,True,kergekäeliselt,False
kes-kos-sa,True,keskossa,False
kes-ku-seks,True,keskuseks,False
kesk-i,False,keski,True
kesk-kon-na-kait-sel,True,keskkonnakaitsel,False
kesk-kon-naa-la-ses,True,keskkonnaalases,False
kesk-koo-lip-rog-ram-mis,True,keskkooliprogrammis,False
kesk-mi-sel,True,keskmisel,False
kesk-mi-selt,True,keskmiselt,False
kesk-mi-sest,True,keskmisest,False
keskmi-selt,True,keskmiselt,False
kesku-ses,True,keskuses,False
kevaderõõ-mu,True,kevaderõõmu,False
kii-re-ma,True,kiirema,False
kiir-tee-mak-su,True,kiirteemaksu,False
kiiruskat-sel,True,kiiruskatsel,False
kim-bu-ta-ma,True,kimbutama,False
kimbatu-ses,True,kimbatuses,False
kin-ni-tu-sel,True,kinnitusel,False
kind-lus-tu-ses,True,kindlustuses,False
kinnisvaraarendu-sest,True,kinnisvaraarendusest,False
kinnita-mi-seks,True,kinnitamiseks,False
kir-jan-du-sest,True,kirjandusest,False
kir-ju-sus,True,kirjusus,False
kir-ju-ta-mi-seks,True,kirjutamiseks,False
kir-ju-tas,True,kirjutas,False
kirevu-ses,True,kirevuses,False
kirjava-he-tu-seks,True,kirjavahetuseks,False
kirjutami-seks,True,kirjutamiseks,False
kit-sa-rin-na-li-selt,True,kitsarinnaliselt,False
kit-samas,True,kitsamas,False
klaasisi-sust,True,klaasisisust,False
kli-endid,True,kliendid,False
kli-endist,True,kliendist,False
ko-da-kond-su-sest,True,kodakondsusest,False
ko-da-ni-kel,True,kodanikel,False
ko-du-mai-sel,True,kodumaisel,False
ko-du-sest,True,kodusest,False
ko-dui-gat-sust,True,koduigatsust,False
ko-ge-mu-sest,True,kogemusest,False
ko-ge-mus,True,kogemus,False
ko-ge-must,True,kogemust,False
ko-gu-mak-su-mus,True,kogumaksumus,False
ko-ha-selt,True,kohaselt,False
ko-hus-tas,True,kohustas,False
koht-le-ma,True,kohtlema,False
kohtumi-ses,True,kohtumises,False
kohtumi-sest,True,kohtumisest,False
kohtumis-te,True,kohtumiste,False
kohtuvaidlu-ses,True,kohtuvaidluses,False
kokkupõr-kes,True,kokkupõrkes,False
kokkuvõt-teid,True,kokkuvõtteid,False
kol-me,True,kolme,False
kom-me,True,komme,False
kom-pen-see-ri-ma,True,kompenseerima,False
kon-ku-ree-ri-mi-seks,True,konkureerimiseks,False
kon-sul,True,konsul,False
kon-sul-tat-sioo-ni-fir-ma,True,konsultatsioonifirma,False
kon-sul-tat-sioo-ni-ta-su,True,konsultatsioonitasu,False
kon-sul-tat-sioo-ni-ta-sust,True,konsultatsioonitasust,False
konk-reet-ses,True,konkreetses,False
konkreet-sesse,True,konkreetsesse,False
koo-li-ta-mi-seks,True,koolitamiseks,False
koo-li-tas,True,koolitas,False
koo-li-tus-tel-li-mu-sest,True,koolitustellimusest,False
koo-li-vor-mis,True,koolivormis,False
koos-sei-su,True,koosseisu,False
koos-ta-mi-sel,True,koostamisel,False
koossei-sus,True,koosseisus,False
koossei-sust,True,koosseisust,False
koostootmisjaa-ma,True,koostootmisjaama,False
kor-raar-mas-tu-sest,True,korraarmastusest,False
kor-ral-da-ma,True,korraldama,False
kor-ral-da-mi-sel,True,korraldamisel,False
kor-rekt-selt,True,korrektselt,False
korrekt-selt,True,korrektselt,False
korrekt-sust,True,korrektsust,False
korterela-mu,True,korterelamu,False
kosmo-sesse,True,kosmosesse,False
kostüü-me,True,kostüüme,False
kostüü-mis,True,kostüümis,False
kree-ka-keel-sest,True,kreekakeelsest,False
krii-ti-li-selt,True,kriitiliselt,False
kristli-kelt,True,kristlikelt,False
kroonili-selt,True,krooniliselt,False
ku-ju-ne-ma,True,kujunema,False
kuivami-sest,True,kuivamisest,False
kujutlu-ses,True,kujutluses,False
kul-tuu-ri-li-selt,True,kultuuriliselt,False
kuld-ta-se-me,True,kuldtaseme,False
kultuuriministeeriu-milt,True,kultuuriministeeriumilt,False
kum-bki,False,kumbki,True
kum-ma-li-sel,True,kummalisel,False
kum-magi,False,kummagi,True
kum-malegi,False,kummalegi,True
kummas-ki,False,kummaski,True
kur-su-sel,True,kursusel,False
kur-sus,True,kursus,False
kursu-sest,True,kursusest,False
kut-se-ha-ri-du-ses,True,kutsehariduses,False
kut-su,True,kutsu,False
kut-su-ma,True,kutsuma,False
kut-sus,True,kutsus,False
kuuluvu-sest,True,kuuluvusest,False
kä-su,True,käsu,False
käi-tu-ma,True,käituma,False
käi-tu-mi-selt,True,käitumiselt,False
käi-vi-ta-mi-seks,True,käivitamiseks,False
kättesaami-seks,True,kättesaamiseks,False
kõi-ge,False,kõige,True
kõi-gega,False,kõigega,True
kõi-geks,False,kõigeks,True
kõi-gele,False,kõigele,True
kõi-ges,False,kõiges,True
kõi-gest,False,kõigest,True
kõi-gi,False,kõigi,True
kõi-gi-le,False,kõigile,True
kõi-giga,False,kõigiga,True
kõi-gil,False,kõigil,True
kõi-gile,False,kõigile,True
kõi-gilt,False,kõigilt,True
kõi-gis,False,kõigis,True
kõi-gisse,False,kõigisse,True
kõi-gist,False,kõigist,True
kõi-ke,False,kõike,True
kõi-ki,False,kõiki,True
kõi-kide,False,kõikide,True
kõi-kidel,False,kõikidel,True
kõi-kidele,False,kõikidele,True
kõi-kidesse,False,kõikidesse,True
kõi-kidest,False,kõikidest,True
kõigi-le,False,kõigile,True
kõiki-de,False,kõikide,True
kõiki-de-le,False,kõikidele,True
kõiki-del,False,kõikidel,True
kõiki-des,False,kõikides,True
kõiki-dest,False,kõikidest,True
kõn-di-ma,True,kõndima,False
kõrvetise-taolised,True,kõrvetisetaolised,False
kõrvu-ta-mi-sel,True,kõrvutamisel,False
kõõ-ma,True,kõõma,False
kü-si-must,True,küsimust,False
küberinime-seks,True,küberinimeseks,False
kül-ma,True,külma,False
küla-ke-ses,True,külakeses,False
küla-va-he-teid,True,külavaheteid,False
külas-ta-mi-seks,True,külastamiseks,False
küm-me,True,kümme,False
küm-neid,True,kümneid,False
küp-seks,True,küpseks,False
küsimu-ses,True,küsimuses,False
küsimu-sest,True,küsimusest,False
küsitlu-sest,True,küsitlusest,False
kütu-ses,True,kütuses,False
küüni-li-selt,True,küüniliselt,False
la-hen-da-mi-seks,True,lahendamiseks,False
la-hen-da-mi-sel,True,lahendamisel,False
laboratooriu-mis,True,laboratooriumis,False
lae-ku-ma,True,laekuma,False
lae-nu-sum-ma,True,laenusumma,False
lae-nu-too-teid,True,laenutooteid,False
lah-ku-ma,True,lahkuma,False
lahinguval-mis,True,lahinguvalmis,False
lahkumi-sel,True,lahkumisel,False
lahkumi-sest,True,lahkumisest,False
laien-da-mi-sest,True,laiendamisest,False
lan-ge-ta-mi-sel,True,langetamisel,False
lap-sest,True,lapsest,False
lapsevane-ma,True,lapsevanema,False
las-te-,True,laste,False
lau-luvõist-lu-sel,True,lauluvõistlusel,False
lauavõitlu-ses,True,lauavõitluses,False
le-gaal-selt,True,legaalselt,False
le-pi-me,True,lepime,False
lee-ven-da-mi-seks,True,leevendamiseks,False
leedulas-te,True,leedulaste,False
lehmakostüü-mis,True,lehmakostüümis,False
leidmi-seks,True,leidmiseks,False
leidmi-sest,True,leidmisest,False
leiutami-sest,True,leiutamisest,False
lennu-pile-teid,True,lennupileteid,False
lep-pi-ma,True,leppima,False
levimi-seks,True,levimiseks,False
li-gilä-he-da-selt,True,ligilähedaselt,False
li-gipää-su,True,ligipääsu,False
li-sa,True,lisa,False
li-sama,True,lisama,False
libedu-sest,True,libedusest,False
libi-ses,True,libises,False
liht-sus-tu-ma,True,lihtsustuma,False
lii-da-me,True,liidame,False
lii-ku-mi-sest,True,liikumisest,False
lii-tu-mi-saas-tal,True,liitumisaastal,False
lii-tu-mi-sest,True,liitumisest,False
liikluskorraldu-ses,True,liikluskorralduses,False
liikumi-ses,True,liikumises,False
linnavalitsu-selt,True,linnavalitsuselt,False
lo-hu-tas,True,lohutas,False
loo-dus-kait-ses,True,looduskaitses,False
loo-mi-seks,True,loomiseks,False
loo-mupä-ra-selt,True,loomupäraselt,False
loobumi-seks,True,loobumiseks,False
loobumi-sest,True,loobumisest,False
loomapidami-sest,True,loomapidamisest,False
loominguli-sust,True,loomingulisust,False
loomuoma-ses,True,loomuomases,False
loot-ma,True,lootma,False
lä-bi-ma,True,läbima,False
lä-bi-mi-seks,True,läbimiseks,False
lä-hi-ma,True,lähima,False
läbimi-seks,True,läbimiseks,False
läbirääkimis-te,True,läbirääkimiste,False
läh-me,True,lähme,False
läi-ki-ma,True,läikima,False
lää-ne-mai-sest,True,läänemaisest,False
lõ-pe-ta-ma,True,lõpetama,False
lõh-kes,True,lõhkes,False
lõikami-ses,True,lõikamises,False
lõk-su,True,lõksu,False
lõk-sus,True,lõksus,False
lõpuminu-teil,True,lõpuminuteil,False
lõu-nad,True,lõunad,False
lõuna-pool-sei-ma,True,lõunapoolseima,False
lõunaos-sa,True,lõunaossa,False
lõvio-sa,True,lõviosa,False
lühia-ja-li-sel,True,lühiajalisel,False
lühia-ja-li-selt,True,lühiajaliselt,False
lühinä-ge-lik-ku-ses,True,lühinägelikkuses,False
lülitami-seks,True,lülitamiseks,False
m-e,False,me,True
m-e-i-e,False,meie,True
m-is,False,mis,True
ma-da-la-ma,True,madalama,False
ma-gist-ri-ta-se-me,True,magistritaseme,False
ma-jan-da-mi-seks,True,majandamiseks,False
ma-jan-da-mi-sel,True,majandamisel,False
ma-jan-du-sel,True,majandusel,False
ma-jan-du-ses,True,majanduses,False
ma-jan-du-sest,True,majandusest,False
ma-sen-du-ses,True,masenduses,False
maail-ma,True,maailma,False
maasikakasvatu-sest,True,maasikakasvatusest,False
maavalit-sus,True,maavalitsus,False
maavalitsu-sel,True,maavalitsusel,False
magnetili-sest,True,magnetilisest,False
mahajätmi-ses,True,mahajätmises,False
mak-sa,True,maksa,False
mak-sa-me,True,maksame,False
mak-si-maal-seks,True,maksimaalseks,False
mak-si-maal-selt,True,maksimaalselt,False
mak-su,True,maksu,False
mak-su-,True,maksu,False
mak-su-koor-mus,True,maksukoormus,False
mak-su-mu-seks,True,maksumuseks,False
mak-sus-ta-mi-sest,True,maksustamisest,False
maksimaal-selt,True,maksimaalselt,False
maksmi-seks,True,maksmiseks,False
maksumu-seks,True,maksumuseks,False
manit-seda,True,manitseda,False
maruli-selt,True,maruliselt,False
mas-si-li-selt,True,massiliselt,False
massili-selt,True,massiliselt,False
mee-nu-tas,True,meenutas,False
meediaettevõt-teid,True,meediaettevõtteid,False
mei-le,False,meile,True
mei-le-gi,False,meilegi,True
meil-gi,False,meilgi,True
men-taal-sest,True,mentaalsest,False
mer-kan-tii-li-su-sest,True,merkantiilisusest,False
met-sa,True,metsa,False
met-sa-,True,metsa,False
metallitöötlemisettevõt-teid,True,metallitöötlemisettevõtteid,False
mi-da,False,mida,True
mi-da-gi,False,midagi,True
mi-dagi,False,midagi,True
mi-na,False,mina,True
mi-ne-ma,True,minema,False
mi-ne-mi-seks,True,minemiseks,False
mi-ne-mi-sel,True,minemisel,False
mi-ni-maal-selt,True,minimaalselt,False
mi-nu,False,minu,True
mi-nu-ga,False,minuga,True
mi-nul,False,minul,True
mi-nule,False,minule,True
mi-tu,False,mitu,True
mi-tut,False,mitut,True
mida-gi,False,midagi,True
mii-ni-mum-ta-sust,True,miinimumtasust,False
mii-nu-seks,True,miinuseks,False
miini-mum-sum-ma,True,miinimumsumma,False
mil-jo-neid,True,miljoneid,False
mil-le,False,mille,True
mil-le-ga,False,millega,True
mil-le-ga-gi,False,millegagi,True
mil-le-le,False,millele,True
mil-le-ta,False,milleta,True
mil-lega,False,millega,True
mil-leks,False,milleks,True
mil-lel,False,millel,True
mil-lele,False,millele,True
mil-les,False,milles,True
mil-lest-ki,False,millestki,True
mil-li-ne,False,milline,True
mil-li-se,False,millise,True
mil-li-se-le,False,millisele,True
mil-li-sed,False,millised,True
mil-li-seid,False,milliseid,True
mil-li-ses-se,False,millisesse,True
mil-line,False,milline,True
mil-lis-te-le,False,millistele,True
mil-lise,False,millise,True
mil-lises,False,millises,True
miljo-neid,True,miljoneid,False
mille-ga,False,millega,True
min-geid,False,mingeid,True
min-gi,False,mingi,True
min-gi-test-ki,False,mingitestki,True
min-gid,False,mingid,True
min-gil,False,mingil,True
min-gist,False,mingist,True
min-git,False,mingit,True
minemi-sest,True,minemisest,False
minu-le,False,minule,True
mis-ki,False,miski,True
missu-gust,False,missugust,True
missugu-ne,False,missugune,True
mit-me-ke-si-su-ses,True,mitmekesisuses,False
mit-me-ke-si-sus,True,mitmekesisus,False
mit-me-ke-si-sust,True,mitmekesisust,False
mit-me-le,False,mitmele,True
mit-me-su-gu-sed,False,mitmesugused,True
mit-me-su-gu-seid,False,mitmesuguseid,True
mit-me-su-gus-te,False,mitmesuguste,True
mit-me-su-gus-tel,False,mitmesugustel,True
mit-me-te,False,mitmete,True
mit-me-tes,False,mitmetes,True
mit-med,False,mitmed,True
mit-meks,False,mitmeks,True
mit-mel,False,mitmel,True
mit-melt,False,mitmelt,True
mit-mes,False,mitmes,True
mit-messe,False,mitmesse,True
mit-mesugustel,False,mitmesugustel,True
mit-mete,False,mitmete,True
mitmesu-guseid,False,mitmesuguseid,True
mitmesu-guste,False,mitmesuguste,True
mitmesu-gustest,False,mitmesugustest,True
mo-biil-sus,True,mobiilsus,False
mo-biil-sust,True,mobiilsust,False
moe-töös-tu-ses,True,moetööstuses,False
moo-dus-ta-mi-sel,True,moodustamisel,False
moodustami-seks,True,moodustamiseks,False
mu-ret-se-ma,True,muretsema,False
mul-le,False,mulle,True
mulgi-,False,mulgi,True
murranguli-sest,True,murrangulisest,False
mus-ta-mi-seks,True,mustamiseks,False
mustami-ses,True,mustamises,False
muu-da-me,True,muudame,False
muu-de,False,muude,True
muu-desse,False,muudesse,True
muu-dest,False,muudest,True
muu-tu-ma,True,muutuma,False
muu-tu-me,True,muutume,False
muu-tu-mi-sel,True,muutumisel,False
muu-tu-mi-sest,True,muutumisest,False
muus-ki,False,muuski,True
muuseu-mis,True,muuseumis,False
muut-mi-seks,True,muutmiseks,False
män-gi-ma,True,mängima,False
mängisi-me,True,mängisime,False
mänguvõt-teid,True,mänguvõtteid,False
mär-ka-me,True,märkame,False
mär-ki-misväär-selt,True,märkimisväärselt,False
märgendami-sel,True,märgendamisel,False
märksõ-nad,True,märksõnad,False
mäs-sama,True,mässama,False
mõ-lema,False,mõlema,True
mõ-lemad,False,mõlemad,True
mõ-lemal,False,mõlemal,True
mõ-lemale,False,mõlemale,True
mõ-lemas,False,mõlemas,True
mõ-lemast,False,mõlemast,True
mõ-lemat,False,mõlemat,True
mõ-lematel,False,mõlematel,True
mõ-ne,False,mõne,True
mõ-ned,False,mõned,True
mõ-nede,False,mõnede,True
mõ-nedel,False,mõnedel,True
mõ-nedes,False,mõnedes,True
mõ-nedest,False,mõnedest,True
mõ-nedki,False,mõnedki,True
mõ-negi,False,mõnegi,True
mõ-neks,False,mõneks,True
mõ-nel,False,mõnel,True
mõ-nele,False,mõnele,True
mõ-nelt,False,mõnelt,True
mõ-nes,False,mõnes,True
mõ-neski,False,mõneski,True
mõ-nest,False,mõnest,True
mõ-nestki,False,mõnestki,True
mõ-ni,False,mõni,True
mõ-nigi,False,mõnigi,True
mõ-nin-gaid,False,mõningaid,True
mõ-ningad,False,mõningad,True
mõ-ningaid,False,mõningaid,True
mõ-ningal,False,mõningal,True
mõ-ningasest,False,mõningasest,True
mõ-ningast,False,mõningast,True
mõ-ningate,False,mõningate,True
mõ-ningatel,False,mõningatel,True
mõ-ningates,False,mõningates,True
mõi-sa,True,mõisa,False
mõis-te-ta-vu-seks,True,mõistetavuseks,False
mõist-ma,True,mõistma,False
mõjutami-sest,True,mõjutamisest,False
mõle-mad,False,mõlemad,True
mõle-mal,False,mõlemal,True
mõle-malt,False,mõlemalt,True
mõle-mat,False,mõlemat,True
mõn-da,False,mõnda,True
mõn-da-gi,False,mõndagi,True
mõn-dagi,False,mõndagi,True
mõne-del,False,mõnedel,True
mõne-gi,False,mõnegi,True
mõne-le-gi,False,mõnelegi,True
mõned-ki,False,mõnedki,True
mõnel-gi,False,mõnelgi,True
mõnes-ki,False,mõneski,True
mõni-gi,False,mõnigi,True
mõnin-ga-ne,False,mõningane,True
mõnin-ga-tes,False,mõningates,True
mõnin-ga-test,False,mõningatest,True
mõnin-gaid,False,mõningaid,True
mõnin-gast,False,mõningast,True
mõnin-gate,False,mõningate,True
mõru-soo-la-seks,True,mõrusoolaseks,False
mõt-le-ma,True,mõtlema,False
mõt-teid,True,mõtteid,False
mõtle-mi-seks,True,mõtlemiseks,False
mõtle-mi-ses,True,mõtlemises,False
mür-sust,True,mürsust,False
müümi-sest,True,müümisest,False
naasmi-ses,True,naasmises,False
nae-ra-ta-ma,True,naeratama,False
nae-ra-tas,True,naeratas,False
naf-tas,True,naftas,False
nakatami-ses,True,nakatamises,False
nau-ti-mi-seks,True,nautimiseks,False
ne-il,False,neil,True
ne-mad,False,nemad,True
nei-le,False,neile,True
neis-se,False,neisse,True
nen-de,False,nende,True
nen-de-ga,False,nendega,True
nen-de-le,False,nendele,True
nen-dega,False,nendega,True
nen-deks,False,nendeks,True
nen-des,False,nendes,True
nen-des-se,False,nendesse,True
nen-dest,False,nendest,True
ni-me,True,nime,False
ni-me-tas,True,nimetas,False
ni-mi-soo-jusvõim-sus,True,nimisoojusvõimsus,False
nii-su-gu-ne,False,niisugune,True
nii-su-gus-te,False,niisuguste,True
nii-su-gus-test,False,niisugustest,True
nii-su-gust,False,niisugust,True
niisu-gune,False,niisugune,True
niisu-gused,False,niisugused,True
niisu-guses,False,niisuguses,True
niisu-gusest,False,niisugusest,True
niisu-gust,False,niisugust,True
niisugu-seid,False,niisuguseid,True
nimetami-seks,True,nimetamiseks,False
nimetami-sest,True,nimetamisest,False
nokit-seda,True,nokitseda,False
nokitsesi-me,True,nokitsesime,False
nooru-ses,True,nooruses,False
nä-ge-ma,True,nägema,False
nä-ge-mus,True,nägemus,False
näge-ma,True,nägema,False
näi-li-selt,True,näiliselt,False
näitami-seks,True,näitamiseks,False
närvili-sus,True,närvilisus,False
näs-sus,True,nässus,False
nõk-su,True,nõksu,False
nõud-mi-sel,True,nõudmisel,False
nõus-ta-mi-sel,True,nõustamisel,False
o-mast,False,omast,True
ob-jek-tiiv-selt,True,objektiivselt,False
odavis-kes,True,odaviskes,False
ok-sa,True,oksa,False
ol-mejäät-meid,True,olmejäätmeid,False
ole-mi-sest,True,olemisest,False
olu-li-seks,True,oluliseks,False
olu-li-selt,True,oluliselt,False
olu-li-sest,True,olulisest,False
olu-li-sust,True,olulisust,False
oluli-seks,True,oluliseks,False
oluli-selt,True,oluliselt,False
oluli-sust,True,olulisust,False
om-i,False,omi,True
om-ist,False,omist,True
oma-de,False,omade,True
oma-de-ga,False,omadega,True
oma-dega,False,omadega,True
oma-del,False,omadel,True
oma-dest,False,omadest,True
oma-ga,False,omaga,True
oma-le,False,omale,True
oma-ma,True,omama,False
oma-selt,True,omaselt,False
oma-ses,True,omases,False
oma-sid,False,omasid,True
oma-va-lit-su-sel,True,omavalitsusel,False
oma-va-lit-su-ses,True,omavalitsuses,False
oman-da-ma,True,omandama,False
oman-da-mi-sel,True,omandamisel,False
oman-äo-li-seks,True,omanäoliseks,False
omanikfir-ma,True,omanikfirma,False
omavalitsu-sest,True,omavalitsusest,False
oo-tu-ses,True,ootuses,False
ootu-ses,True,ootuses,False
opereerimi-seks,True,opereerimiseks,False
orienteerumi-seks,True,orienteerumiseks,False
os-ka-ma,True,oskama,False
osa-li-seks,True,osaliseks,False
osa-li-selt,True,osaliselt,False
osali-selt,True,osaliselt,False
ostmi-seks,True,ostmiseks,False
ot-sa,True,otsa,False
ot-se-selt,True,otseselt,False
ot-se-ses,True,otseses,False
ot-sest,True,otsest,False
ot-si-ma,True,otsima,False
ot-si-mi-sel,True,otsimisel,False
ot-si-mi-sest,True,otsimisest,False
ot-sus,True,otsus,False
ot-sus-tas,True,otsustas,False
ot-sust,True,otsust,False
pa-be-ri-ja-ma,True,paberijama,False
pa-be-ri-ma-jan-du-sest,True,paberimajandusest,False
pa-ken-dijäät-meid,True,pakendijäätmeid,False
pa-ne-ma,True,panema,False
pa-ne-mi-ses,True,panemises,False
pa-ra-ne-ma,True,paranema,False
pa-ran-da-ma,True,parandama,False
pa-ran-da-mi-seks,True,parandamiseks,False
pa-re-me-ra-kon-nad,True,paremerakonnad,False
pa-re-mu-selt,True,paremuselt,False
pa-rem-pool-seks,True,parempoolseks,False
pa-ren-da-mi-seks,True,parendamiseks,False
paariskahe-sel,True,paariskahesel,False
pai-gu-ta-si-me,True,paigutasime,False
pai-gu-tas,True,paigutas,False
pak-ku-ma,True,pakkuma,False
pak-ku-mi-sest,True,pakkumisest,False
pak-ku-si-me,True,pakkusime,False
pak-su,True,paksu,False
pakettak-nad,True,pakettaknad,False
pal-ju,False,palju,True
pal-ju-de,False,paljude,True
pal-ju-del,False,paljudel,True
pal-ju-des,False,paljudes,True
pal-ju-dest,False,paljudest,True
pal-jud,False,paljud,True
pal-jude,False,paljude,True
pal-juks,False,paljuks,True
pal-jus,False,paljus,True
pal-jus-ki,False,paljuski,True
pal-jusid,False,paljusid,True
pal-juski,False,paljuski,True
pal-ka-mi-sel,True,palkamisel,False
palju-dele,False,paljudele,True
palju-des,False,paljudes,True
paljus-ki,False,paljuski,True
paljusu-sest,True,paljususest,False
pan-gan-du-ses,True,panganduses,False
pangakon-tol,True,pangakontol,False
pare-ma,True,parema,False
parlamendikoossei-sust,True,parlamendikoosseisust,False
parteili-sest,True,parteilisest,False
pe-re-kon-na-liik-me,True,perekonnaliikme,False
pe-rei-sa,True,pereisa,False
pea-mi-seks,True,peamiseks,False
pea-mi-selt,True,peamiselt,False
peami-seks,True,peamiseks,False
peami-selt,True,peamiselt,False
peat-selt,True,peatselt,False
peh-me,True,pehme,False
peh-must,True,pehmust,False
pen-sio-ni-kind-lus-tu-ses,True,pensionikindlustuses,False
pi-da-ma,True,pidama,False
pi-da-mi-seks,True,pidamiseks,False
pi-dur-da-ma,True,pidurdama,False
pi-dur-da-mi-seks,True,pidurdamiseks,False
pi-kaa-ja-li-se-ma,True,pikaajalisema,False
pi-ke-ma,True,pikema,False
pi-ken-da-ma,True,pikendama,False
pi-ken-da-mi-sel,True,pikendamisel,False
pi-le-teid,True,pileteid,False
pi-raat-lu-ses,True,piraatluses,False
pida-ma,True,pidama,False
pike-ma,True,pikema,False
pikendami-sest,True,pikendamisest,False
pil-dis-ta-ma,True,pildistama,False
pile-teid,True,pileteid,False
pin-gu-ta-ma,True,pingutama,False
pit-sa,True,pitsa,False
pla-nee-ri-mi-sest,True,planeerimisest,False
plaa-ni-ma-jan-du-selt,True,plaanimajanduselt,False
plaka-teid,True,plakateid,False
ploo-me,True,ploome,False
po-lii-ti-li-seks,True,poliitiliseks,False
po-lii-ti-li-ses,True,poliitilises,False
po-lii-ti-li-sest,True,poliitilisest,False
po-si-tiiv-selt,True,positiivselt,False
po-tent-siaal-selt,True,potentsiaalselt,False
politseiük-sus,True,politseiüksus,False
poo-le-tei-seks,True,pooleteiseks,False
poodiu-mil,True,poodiumil,False
pop-mulle,True,popmulle,False
positsioonili-ses,True,positsioonilises,False
prae-gu-sel,True,praegusel,False
prae-gu-ses,True,praeguses,False
prak-ti-li-seks,True,praktiliseks,False
pri-vaat-sust,True,privaatsust,False
pro-jek-tipõhi-selt,True,projektipõhiselt,False
pro-millise,True,promillise,False
pro-port-sio-naal-selt,True,proportsionaalselt,False
pro-tes-ti-ma,True,protestima,False
prob-lee-me,True,probleeme,False
prog-ram-mil,True,programmil,False
prog-ram-mis,True,programmis,False
pronks-ta-se-me,True,pronkstaseme,False
pruu-ki-mi-sest,True,pruukimisest,False
psühho-loo-gi-li-selt,True,psühholoogiliselt,False
pu-has-ta-me,True,puhastame,False
pu-na-selt,True,punaselt,False
puhkami-seks,True,puhkamiseks,False
puhkekorpu-ses,True,puhkekorpuses,False
punktiarvestu-ses,True,punktiarvestuses,False
punnitami-seks,True,punnitamiseks,False
puu-du-mi-sest,True,puudumisest,False
puudumi-sest,True,puudumisest,False
pä-ri-selt,True,päriselt,False
päe-va-tee-ma,True,päevateema,False
päevakajali-seks,True,päevakajaliseks,False
pää-se-mi-seks,True,pääsemiseks,False
pää-seda,True,pääseda,False
pää-ses,True,pääses,False
pää-su,True,pääsu,False
pääsemi-seks,True,pääsemiseks,False
põhi-li-selt,True,põhiliselt,False
põhiküsi-mus,True,põhiküsimus,False
põhimõt-teid,True,põhimõtteid,False
põhimõtte-li-selt,True,põhimõtteliselt,False
põi-mida,True,põimida,False
põllu-ma-jan-du-ses,True,põllumajanduses,False
põr-muga,True,põrmuga,False
pöö-ra-ma,True,pöörama,False
pöördvõrde-li-selt,True,pöördvõrdeliselt,False
pühen-du-must,True,pühendumust,False
pühit-ses,True,pühitses,False
püüdsi-me,True,püüdsime,False
ra-has-ta-mi-seks,True,rahastamiseks,False
ra-hu-meel-selt,True,rahumeelselt,False
ra-ken-da-mi-seks,True,rakendamiseks,False
ra-ken-da-mi-sel,True,rakendamisel,False
ra-ken-da-mi-sest,True,rakendamisest,False
ra-ken-dus-li-kes,True,rakenduslikes,False
ra-tas,True,ratas,False
ra-vi-kind-lus-tu-sa-su-tu-ses,True,ravikindlustusasutuses,False
ra-vi-kind-lus-tu-seks,True,ravikindlustuseks,False
ra-vi-meid,True,ravimeid,False
raa-dio-rek-laa-mis,True,raadioreklaamis,False
rabenärvili-sus,True,rabenärvilisus,False
rah-va-loen-du-sest,True,rahvaloendusest,False
rah-vu-sest,True,rahvusest,False
rah-vus-li-kes,True,rahvuslikes,False
rah-vus-va-he-li-ses,True,rahvusvahelises,False
rah-vus-va-he-li-sest,True,rahvusvahelisest,False
rahali-sest,True,rahalisest,False
rahapuudu-sest,True,rahapuudusest,False
rahutegemi-sest,True,rahutegemisest,False
rahuvalveük-sust,True,rahuvalveüksust,False
rajami-seks,True,rajamiseks,False
rajami-sel,True,rajamisel,False
rakendami-seks,True,rakendamiseks,False
ram-me,True,ramme,False
ram-mis,True,rammis,False
ras-kelt,True,raskelt,False
raskerelvarüh-ma,True,raskerelvarühma,False
rat-sio-naal-seks,True,ratsionaalseks,False
rat-sio-naal-selt,True,ratsionaalselt,False
raudteesõl-me,True,raudteesõlme,False
re-gist-ree-ri-ma,True,registreerima,False
re-gist-ree-ri-mi-sest,True,registreerimisest,False
re-kor-di-li-selt,True,rekordiliselt,False
rea-li-see-ri-mi-sel,True,realiseerimisel,False
realiseerimi-sest,True,realiseerimisest,False
referendu-meid,True,referendumeid,False
rei-si-fir-ma,True,reisifirma,False
ren-di-hin-nad,True,rendihinnad,False
restruktureerimi-seks,True,restruktureerimiseks,False
ridaela-mus,True,ridaelamus,False
ring-lu-ses,True,ringluses,False
ro-he-li-sel,True,rohelisel,False
roh-kelt,True,rohkelt,False
romantili-ses,True,romantilises,False
rää-ki-ma,True,rääkima,False
rõõ-mu,True,rõõmu,False
rõõ-mus,True,rõõmus,False
röövimi-ses,True,röövimises,False
rüh-ma,True,rühma,False
rünnakrüh-ma,True,rünnakrühma,False
rüt-mis,True,rütmis,False
s-e-d-a,False,seda,True
s-e-e,False,see,True
s-e-l-l-i-s-e,False,sellise,True
s-e-l-l-i-s-e-i-d,False,selliseid,True
s-e-l-l-i-s-e-l,False,sellisel,True
sa-ma-de-le,False,samadele,True
sa-ma-del,False,samadel,True
sa-ma-dest,False,samadest,True
sa-ma-le,False,samale,True
sa-ma-su-gu-ne,False,samasugune,True
sa-ma-su-gu-sed,False,samasugused,True
sa-mad,False,samad,True
sa-maga,False,samaga,True
sa-mal,False,samal,True
sa-mas,False,samas,True
sa-mast,False,samast,True
sa-masugune,False,samasugune,True
sa-masuguse,False,samasuguse,True
sa-maväär-seks,True,samaväärseks,False
saa-da-me,True,saadame,False
saa-mi-seks,True,saamiseks,False
saa-mi-sel,True,saamisel,False
saa-vu-ta-mi-seks,True,saavutamiseks,False
saat-ma,True,saatma,False
saatkon-nad,True,saatkonnad,False
sak-sa,True,saksa,False
saks-la-sest,True,sakslasest,False
saksla-seks,True,sakslaseks,False
saladu-selt,True,saladuselt,False
salakuulami-ses,True,salakuulamises,False
sam-me,True,samme,False
sam-mu,True,sammu,False
sam-mul,True,sammul,False
samas-se,False,samasse,True
samasu-guses,False,samasuguses,True
samasugu-ne,False,samasugune,True
samasugu-seid,False,samasuguseid,True
sar-na-selt,True,sarnaselt,False
sar-na-ses,True,sarnases,False
sar-na-su-sest,True,sarnasusest,False
se-da,False,seda,True
se-l,False,sel,True
se-ni-sest,True,senisest,False
se-s,False,ses,True
se-st,False,sest,True
sea-du-sand-lu-ses,True,seadusandluses,False
sea-du-set-äit-mi-sest,True,seadusetäitmisest,False
sea-dus-loo-me,True,seadusloome,False
see-gi,False,seegi,True
see-samagi,False,seesamagi,True
see-sinane,False,seesinane,True
segadu-ses,True,segaduses,False
sei-mis,True,seimis,False
sei-su,True,seisu,False
sei-sus,True,seisus,False
seis-mi-sel,True,seismisel,False
seits-me,True,seitsme,False
seits-me-,True,seitsme,False
sel-gi-tas,True,selgitas,False
sel-gi-tu-sest,True,selgitusest,False
sel-le,False,selle,True
sel-le-ga,False,sellega,True
sel-le-le,False,sellele,True
sel-le-le-gi,False,sellelegi,True
sel-le-ta,False,selleta,True
sel-lega,False,sellega,True
sel-leks,False,selleks,True
sel-lel,False,sellel,True
sel-lele,False,sellele,True
sel-lelegi,False,sellelegi,True
sel-leni,False,selleni,True
sel-les,False,selles,True
sel-lesse,False,sellesse,True
sel-lest-ki,False,sellestki,True
sel-lestki,False,sellestki,True
sel-li-ne,False,selline,True
sel-li-se,False,sellise,True
sel-li-se-le,False,sellisele,True
sel-li-sed,False,sellised,True
sel-li-seid,False,selliseid,True
sel-line,False,selline,True
sel-lis-te,False,selliste,True
sel-lis-te-le,False,sellistele,True
sel-lise,False,sellise,True
sel-lised,False,sellised,True
sel-liseid,False,selliseid,True
sel-lisele,False,sellisele,True
sel-lisesse,False,sellisesse,True
sel-listes,False,sellistes,True
sele-tas,True,seletas,False
selle-le,False,sellele,True
selli-ne,False,selline,True
selli-se,False,sellise,True
selli-sed,False,sellised,True
selli-seid,False,selliseid,True
sellis-tega,False,sellistega,True
sellis-tel,False,sellistel,True
sellis-tele,False,sellistele,True
sellise-na,False,sellisena,True
senis-te,True,seniste,False
ser-ti-fit-see-ri-mis-meh-ha-nis-me,True,sertifitseerimismehhanisme,False
serblas-te,True,serblaste,False
si-de-meid,True,sidemeid,False
si-du-sust,True,sidusust,False
si-ni-silm-selt,True,sinisilmselt,False
si-nu,False,sinu,True
si-su,True,sisu,False
si-su-li-selt,True,sisuliselt,False
sihtotstarbeli-selt,True,sihtotstarbeliselt,False
sil-ma,True,silma,False
sil-me,True,silme,False
sil-mis,True,silmis,False
silmarõõ-mu,True,silmarõõmu,False
sini-must-,True,sinimust,False
sinu-st,False,sinust,True
sis-se-saa-mi-seks,True,sissesaamiseks,False
sis-seas-tu-mi-sek-sa-meid,True,sisseastumiseksameid,False
sis-sepää-se-mi-sel,True,sissepääsemisel,False
sis-sesõidu-vii-sa,True,sissesõiduviisa,False
sisemu-ses,True,sisemuses,False
sisemu-sest,True,sisemusest,False
sisuli-selt,True,sisuliselt,False
solidaar-sus,True,solidaarsus,False
soo-dus-ta-mi-seks,True,soodustamiseks,False
soo-ri-ta-ma,True,sooritama,False
soo-vi-tu-ses,True,soovituses,False
soom-la-sel,True,soomlasel,False
sot-siaal-selt,True,sotsiaalselt,False
sot-siaal-sest,True,sotsiaalsest,False
sotsiaalminis-teeriu-mis,True,sotsiaalministeeriumis,False
spet-siaal-selt,True,spetsiaalselt,False
spetsiaal-selt,True,spetsiaalselt,False
st-ra-tee-gi-li-seks,True,strateegiliseks,False
st-ra-tee-gi-li-selt,True,strateegiliselt,False
st-ra-tee-gi-li-sest,True,strateegilisest,False
sta-biil-sus,True,stabiilsus,False
sti-pen-diu-me,True,stipendiume,False
su-hes-ta-me,True,suhestame,False
su-st,False,sust,True
suh-te-li-selt,True,suhteliselt,False
suht-le-ma,True,suhtlema,False
suhteli-selt,True,suhteliselt,False
suhtlemi-sel,True,suhtlemisel,False
suit-su,True,suitsu,False
sulg-i,False,sulgi,True
sum-ma,True,summa,False
sun-ni-vii-si-li-selt,True,sunniviisiliselt,False
sur-ma,True,surma,False
suu-da-me,True,suudame,False
suu-re-ma,True,suurema,False
suu-re-ne-ma,True,suurenema,False
suu-re-ne-mi-sest,True,suurenemisest,False
suu-ren-da-mi-seks,True,suurendamiseks,False
suu-ren-da-mi-sel,True,suurendamisel,False
suu-repä-ra-selt,True,suurepäraselt,False
suu-ri-ma,True,suurima,False
suu-ru-selt,True,suuruselt,False
suu-ru-sest,True,suurusest,False
suun-du-mus,True,suundumus,False
suurdraa-ma,True,suurdraama,False
suuru-seks,True,suuruseks,False
suuru-sest,True,suurusest,False
suusavettehüppevõistlu-sest,True,suusavettehüppevõistlusest,False
suut-lik-ku-ses,True,suutlikkuses,False
suut-ma,True,suutma,False
säi-li-mi-sest,True,säilimisest,False
sää-ra-ne,False,säärane,True
sää-rane,False,säärane,True
sää-ras-te,False,sääraste,True
sää-rase,False,säärase,True
sää-rast,False,säärast,True
säära-seid,False,sääraseid,True
sääst-li-ku-ma,True,säästlikuma,False
sõ-nad,True,sõnad,False
sõb-ran-nad,True,sõbrannad,False
sõidurõõ-mu,True,sõidurõõmu,False
sõit-mi-seks,True,sõitmiseks,False
sõit-mi-sel,True,sõitmisel,False
sõitmi-seks,True,sõitmiseks,False
sõitmi-sest,True,sõitmisest,False
sõl-me,True,sõlme,False
sõl-mida,True,sõlmida,False
sõl-mis,True,sõlmis,False
sõr-me,True,sõrme,False
sõr-mus,True,sõrmus,False
söötmi-seks,True,söötmiseks,False
sügavu-ses,True,sügavuses,False
sügi-sel,True,sügisel,False
sügi-sest,True,sügisest,False
sün-ni-tu-sel,True,sünnitusel,False
süstee-me,True,süsteeme,False
süüdla-seks,True,süüdlaseks,False
t-a,False,ta,True
ta-ga-ruu-mis,True,tagaruumis,False
ta-ga-si-ke-ri-mi-sel,True,tagasikerimisel,False
ta-ga-ti-sel,True,tagatisel,False
ta-gu-sest,True,tagusest,False
ta-kis-tu-seks,True,takistuseks,False
ta-lu-ni-kel,True,talunikel,False
ta-se-me,True,taseme,False
ta-su,True,tasu,False
ta-va-li-seks,True,tavaliseks,False
ta-va-li-selt,True,tavaliselt,False
ta-va-li-sest,True,tavalisest,False
ta-vapä-ra-selt,True,tavapäraselt,False
ta-vapä-ra-sest,True,tavapärasest,False
taan-la-sest,True,taanlasest,False
taasühi-ne-mi-sel,True,taasühinemisel,False
tabamu-sest,True,tabamusest,False
tag-i,False,tagi,True
tagastami-ses,True,tagastamises,False
tagu-sest,True,tagusest,False
takis-tas,True,takistas,False
tal-le,False,talle,True
tam-me,True,tamme,False
tan-ki-ma,True,tankima,False
tao-line,False,taoline,True
tao-lise,False,taolise,True
taot-le-ma,True,taotlema,False
taot-le-si-me,True,taotlesime,False
taotlemi-seks,True,taotlemiseks,False
tapmi-ses,True,tapmises,False
tar-bi-mi-sest,True,tarbimisest,False
tartlas-te,True,tartlaste,False
tasumi-sel,True,tasumisel,False
taus-tal,True,taustal,False
tavali-selt,True,tavaliselt,False
tavali-sest,True,tavalisest,False
te-da,False,teda,True
te-e-ma,True,teema,False
te-ge-le-ma,True,tegelema,False
te-ge-le-mi-seks,True,tegelemiseks,False
te-ge-lik-ku-ses,True,tegelikkuses,False
te-ge-ma,True,tegema,False
te-ge-mi-seks,True,tegemiseks,False
te-ge-mi-sel,True,tegemisel,False
te-ge-vu-seks,True,tegevuseks,False
te-ge-vu-sest,True,tegevusest,False
te-gi,False,tegi,True
te-gut-se-ma,True,tegutsema,False
te-ha-ses,True,tehases,False
te-ki-ta-mi-sel,True,tekitamisel,False
te-ki-tas,True,tekitas,False
te-ma-ga,False,temaga,True
te-ma-le,False,temale,True
te-ma-su-gu-se,False,temasuguse,True
te-maga,False,temaga,True
te-magi,False,temagi,True
te-mal,False,temal,True
te-male,False,temale,True
te-mas,False,temas,True
te-mas-se,False,temasse,True
te-mast,False,temast,True
tea-vi-ta-mi-sel,True,teavitamisel,False
tead-lik-ku-sest,True,teadlikkusest,False
teadlas-te,True,teadlaste,False
teadvu-ses,True,teadvuses,False
tee-ni-ma,True,teenima,False
tee-nin-dus-jaa-ma,True,teenindusjaama,False
tee-nis-tu-sest,True,teenistusest,False
teenu-seks,True,teenuseks,False
tege-ma,True,tegema,False
tegela-seks,True,tegelaseks,False
tegemi-sel,True,tegemisel,False
tegevteenistu-sest,True,tegevteenistusest,False
tegevu-sest,True,tegevusest,False
tegevusrõõ-mu,True,tegevusrõõmu,False
tehnili-selt,True,tehniliselt,False
tei-ne,False,teine,True
tei-ne-tei-se,False,teineteise,True
tei-ne-tei-se-le,False,teineteisele,True
tei-se,False,teise,True
tei-se-ga,False,teisega,True
tei-se-le,False,teisele,True
tei-sed,False,teised,True
tei-sega,False,teisega,True
tei-sele,False,teisele,True
tei-si,False,teisi,True
teineteise-ga,False,teineteisega,True
teis-ed,False,teised,True
teis-te,False,teiste,True
teis-te-ga,False,teistega,True
teis-te-le,False,teistele,True
teis-tega,False,teistega,True
teis-tel,False,teistel,True
teis-tele,False,teistele,True
teis-tes,False,teistes,True
teis-tes-se,False,teistesse,True
teis-tesse,False,teistesse,True
teis-test,False,teistest,True
teise-le,False,teisele,True
teist-ki,False,teistki,True
teist-su-gu-ne,False,teistsugune,True
teist-su-gu-sed,False,teistsugused,True
teiste-legi,False,teistelegi,True
teistsu-gune,False,teistsugune,True
teistsugu-sed,False,teistsugused,True
tek-ki-ma,True,tekkima,False
televäitlu-ses,True,televäitluses,False
televõistlu-sest,True,televõistlusest,False
tellimu-sel,True,tellimusel,False
tema-gi,False,temagi,True
teos-ta-mi-seks,True,teostamiseks,False
ter-ri-too-riu-mil,True,territooriumil,False
territooriu-mil,True,territooriumil,False
tervi-seks,True,terviseks,False
ti-he-dai-ma,True,tihedaima,False
ti-tu-lee-ri-ma,True,tituleerima,False
toe-ta-mi-seks,True,toetamiseks,False
toi-du-kau-ban-du-ses,True,toidukaubanduses,False
toi-duai-netöös-tu-ses,True,toiduainetööstuses,False
toi-duvalmistami-sel,True,toiduvalmistamisel,False
toi-mi-ma,True,toimima,False
tol-lele,False,tollele,True
tolla-ses,True,tollases,False
too-na-sest,True,toonasest,False
toot-mi-seks,True,tootmiseks,False
toot-mi-ses,True,tootmises,False
tram-mis,True,trammis,False
transatlantilis-te,True,transatlantiliste,False
troopili-sest,True,troopilisest,False
trotsimi-seks,True,trotsimiseks,False
tsük-kel,True,tsükkel,False
tu-dee-ri-mi-sest,True,tudeerimisest,False
tu-ge-vu-seks,True,tugevuseks,False
tu-le-ma,True,tulema,False
tu-le-mi-seks,True,tulemiseks,False
tu-le-mu-sel,True,tulemusel,False
tu-le-mus,True,tulemus,False
tu-lu-mak-su,True,tulumaksu,False
tu-me,True,tume,False
tu-me-da-ma,True,tumedama,False
tu-ris-mi-piir-kon-nad,True,turismipiirkonnad,False
tu-ris-mil,True,turismil,False
tub-li-du-sest,True,tublidusest,False
tugevdami-seks,True,tugevdamiseks,False
tulemu-seks,True,tulemuseks,False
tulemu-sest,True,tulemusest,False
tun-ni-ta-su,True,tunnitasu,False
tun-nis-ta-ma,True,tunnistama,False
tun-nis-tas,True,tunnistas,False
tur-va-li-sus,True,turvalisus,False
tur-va-li-sust,True,turvalisust,False
tut-vu-ma,True,tutvuma,False
tut-vu-sest,True,tutvusest,False
tutvumi-seks,True,tutvumiseks,False
tuu-ma,True,tuuma,False
tä-his-tas,True,tähistas,False
tä-na-seks,True,tänaseks,False
tä-na-sel,True,tänasel,False
täiend-koo-li-tu-ses,True,täiendkoolituses,False
täiendami-seks,True,täiendamiseks,False
täis-kas-va-nu-ha-ri-du-ses,True,täiskasvanuhariduses,False
täisrivistu-sest,True,täisrivistusest,False
täit-mi-seks,True,täitmiseks,False
täit-mi-sel,True,täitmisel,False
täp-seks,True,täpseks,False
täp-selt,True,täpselt,False
tõeli-selt,True,tõeliselt,False
tõeli-sus,True,tõelisus,False
tõelis-te,True,tõeliste,False
tõen-äo-li-selt,True,tõenäoliselt,False
tõenäoli-selt,True,tõenäoliselt,False
tõhustami-seks,True,tõhustamiseks,False
tõm-me,True,tõmme,False
tõo-tas,True,tõotas,False
tõrju-mi-seks,True,tõrjumiseks,False
tõsi-du-sest,True,tõsidusest,False
tö-öot-sa,True,tööotsa,False
töö-ko-ha-va-he-tu-sest,True,töökohavahetusest,False
töö-ku-sest,True,töökusest,False
töö-levõtmi-sel,True,töölevõtmisel,False
töö-sea-du-sand-lu-sest,True,tööseadusandlusest,False
töö-ta-mi-seks,True,töötamiseks,False
töö-te-ge-mi-seks,True,töötegemiseks,False
töö-tu-rusüstee-mis,True,tööturusüsteemis,False
töörüh-ma,True,töörühma,False
tööstusministeeriu-mis,True,tööstusministeeriumis,False
tööt-le-mi-sest,True,töötlemisest,False
töövõt-teid,True,töövõtteid,False
tühis-tas,True,tühistas,False
tütar-fir-ma,True,tütarfirma,False
tütar-lap-sest,True,tütarlapsest,False
ui-ta-mi-seks,True,uitamiseks,False
uk-sest,True,uksest,False
ula-tu-ses,True,ulatuses,False
um-bu-su,True,umbusu,False
umb-keel-sust,True,umbkeelsust,False
umb-seks,True,umbseks,False
unt-su,True,untsu,False
upitami-seks,True,upitamiseks,False
usi-nad,True,usinad,False
uurimi-seks,True,uurimiseks,False
uurimi-sest,True,uurimisest,False
va-bas-ta-mi-sel,True,vabastamisel,False
va-he-li-ses,True,vahelises,False
va-he-li-sest,True,vahelisest,False
va-he-ta-mi-sel,True,vahetamisel,False
va-hen-du-sel,True,vahendusel,False
va-hen-dus-fir-ma,True,vahendusfirma,False
va-hen-dus-ta-su,True,vahendustasu,False
va-ja-du-sel,True,vajadusel,False
va-ja-li-kel,True,vajalikel,False
va-ju-ta-ma,True,vajutama,False
va-li-ku-het-kel,True,valikuhetkel,False
va-li-ma,True,valima,False
va-li-mi-sel,True,valimisel,False
va-lit-ses,True,valitses,False
va-lit-sus,True,valitsus,False
va-luu-ta,True,valuuta,False
va-nad,True,vanad,False
va-nemad,True,vanemad,False
va-nu-sest,True,vanusest,False
va-re-meid,True,varemeid,False
vaa-gi-ma,True,vaagima,False
vaa-ta-ma,True,vaatama,False
vaa-tas,True,vaatas,False
vaatlejaterüh-ma,True,vaatlejaterühma,False
vaatu-ses,True,vaatuses,False
vabadusliikumi-sest,True,vabadusliikumisest,False
vabanemi-seks,True,vabanemiseks,False
vahendu-sel,True,vahendusel,False
vahevalit-sust,True,vahevalitsust,False
vahistami-sest,True,vahistamisest,False
vajadu-sel,True,vajadusel,False
vajadu-sest,True,vajadusest,False
val-mis,True,valmis,False
val-mis-ta-mi-seks,True,valmistamiseks,False
val-va-ma,True,valvama,False
valit-sus,True,valitsus,False
valit-susse,True,valitsusse,False
valitsu-sest,True,valitsusest,False
valmimi-seks,True,valmimiseks,False
vane-ma,True,vanema,False
vapus-tas,True,vapustas,False
var-ja-mi-seks,True,varjamiseks,False
vas-ta-sel,True,vastasel,False
vas-tas,True,vastas,False
vas-tu-pi-di-ses,True,vastupidises,False
ve-enda,True,veenda,False
ve-ni-ma,True,venima,False
veepuudu-sel,True,veepuudusel,False
ven-nad,True,vennad,False
verit-sus,True,veritsus,False
vest-lu-sel,True,vestlusel,False
vi-sa,True,visa,False
vih-ka-me,True,vihkame,False
vih-ka-mi-sest,True,vihkamisest,False
vii-sa-ku-sest,True,viisakusest,False
viievõistlu-ses,True,viievõistluses,False
viigisei-sult,True,viigiseisult,False
vim-ma,True,vimma,False
viskejulgu-sest,True,viskejulgusest,False
vokaalsu-sest,True,vokaalsusest,False
vor-me,True,vorme,False
vor-mis,True,vormis,False
vor-mis-ta-mi-sel,True,vormistamisel,False
vä-gi-vald-sus,True,vägivaldsus,False
vä-he-ne-ma,True,vähenema,False
vä-he-sel,True,vähesel,False
vä-he-sest,True,vähesest,False
vä-hen-da-mi-seks,True,vähendamiseks,False
vä-lis-fir-ma,True,välisfirma,False
väeük-sus,True,väeüksus,False
vähemusrahvu-seks,True,vähemusrahvuseks,False
väi-ke-ses,True,väikeses,False
väik-se-ma,True,väiksema,False
väl-ja-kut-seks,True,väljakutseks,False
väl-ja-vaa-teid,True,väljavaateid,False
väl-jas-tas,True,väljastas,False
väl-tas,True,vältas,False
väl-ti-mi-seks,True,vältimiseks,False
välimu-sest,True,välimusest,False
välis-tas,True,välistas,False
väljapää-su,True,väljapääsu,False
väljavahetami-sest,True,väljavahetamisest,False
väljavõt-teid,True,väljavõtteid,False
vältimi-seks,True,vältimiseks,False
vär-ba-mi-sest,True,värbamisest,False
väärili-selt,True,vääriliselt,False
väärtu-ses,True,väärtuses,False
väärtu-sest,True,väärtusest,False
võh-ma,True,võhma,False
võik-si-me,True,võiksime,False
võilei-va-te-ha-ses,True,võileivatehases,False
võima-lik-ku-sest,True,võimalikkusest,False
võimal-da-ma,True,võimaldama,False
võimeku-ses,True,võimekuses,False
võistlemi-sest,True,võistlemisest,False
võit-le-ma,True,võitlema,False
võit-le-mi-seks,True,võitlemiseks,False
võltsimi-sest,True,võltsimisest,False
võrd-seks,True,võrdseks,False
võrd-selt,True,võrdselt,False
võt-ma,True,võtma,False
võt-meid,True,võtmeid,False
võt-teid,True,võtteid,False
võõrsõ-nad,True,võõrsõnad,False
ÖÖ-KI-MA,True,ÖÖKIMA,False
Ü-ks,False,Üks,True
Ühek-sa,True,Üheksa,False
Üks-ki,False,Ükski,True
Üldi-selt,True,Üldiselt,False
Üldväsi-must,True,Üldväsimust,False
Üle-eelmi-sel,True,Üle-eelmisel,False
Üleriigili-selt,True,Üleriigiliselt,False
äkit-selt,True,äkitselt,False
äratami-seks,True,äratamiseks,False
äratundmisrõõ-mu,True,äratundmisrõõmu,False
äratundmisrõõ-mul,True,äratundmisrõõmul,False
äri-kor-ral-du-ses,True,ärikorralduses,False
äria-ja-mi-seks,True,äriajamiseks,False
äär-mi-selt,True,äärmiselt,False
õhu-mak-su,True,õhumaksu,False
õhuteenistu-sest,True,õhuteenistusest,False
õigla-selt,True,õiglaselt,False
õli-toot-mi-ses,True,õlitootmises,False
õpetussõ-nad,True,õpetussõnad,False
õppe-mak-su,True,õppemaksu,False
õppe-mak-sust,True,õppemaksust,False
õppea-su-tu-ses,True,õppeasutuses,False
õppep-rog-ram-me,True,õppeprogramme,False
õppi-mi-seks,True,õppimiseks,False
õppi-mi-sest,True,õppimisest,False
õppimi-seks,True,õppimiseks,False
õppu-sel,True,õppusel,False
õr-nad,True,õrnad,False
öko-loo-gi-li-seks,True,ökoloogiliseks,False
öko-loo-gi-li-selt,True,ökoloogiliselt,False
öko-loo-gi-li-sest,True,ökoloogilisest,False
öörüh-ma,True,öörühma,False
ü-h-e,False,ühe,True
ü-h-e-s,False,ühes,True
ü-k-s-k-i,False,ükski,True
ü-ks,False,üks,True
ü-te,True,üte,False
üh-te,False,ühte,True
üh-tegi,False,ühtegi,True
ühe-ga,False,ühega,True
ühe-gi,False,ühegi,True
ühe-le,False,ühele,True
ühe-le-gi,False,ühelegi,True
ühek-sa-aas-tast,True,üheksa-aastast,False
ühel-gi,False,ühelgi,True
ühes-ki,False,üheski,True
ühi-ne-ma,True,ühinema,False
ühi-ne-mi-sel,True,ühinemisel,False
ühi-ne-mi-sest,True,ühinemisest,False
ühi-se-la-mus,True,ühiselamus,False
ühi-sel,True,ühisel,False
ühi-selt,True,ühiselt,False
ühi-ses,True,ühises,False
ühi-sest,True,ühisest,False
ühis-te,True,ühiste,False
ühisgümnaasiu-mis,True,ühisgümnaasiumis,False
üht-ki,False,ühtki,True
üht-la-selt,True,ühtlaselt,False
ühte-gi,False,ühtegi,True
ük-sus,True,üksus,False
üks-ki,False,ükski,True
üks-tei-se-ga,False,üksteisega,True
üks-teisegi,False,üksteisegi,True
üks-üks-,True,üks-üks,False
üksikrüh-ma,True,üksikrühma,False
üksiolemi-sest,True,üksiolemisest,False
üksteisemõistmi-ses,True,üksteisemõistmises,False
ülal-pi-da-mi-sel,True,ülalpidamisel,False
üldharidu-sest,True,üldharidusest,False
üldi-selt,True,üldiselt,False
üldpõhimõt-teid,True,üldpõhimõtteid,False
üle-eel-mi-sel,True,üle-eelmisel,False
üleelusuuru-seks,True,üleelusuuruseks,False
ülehom-me,True,ülehomme,False
ülesharimi-sest,True,ülesharimisest,False
ülestõstmi-seks,True,ülestõstmiseks,False
ülesvõt-teid,True,ülesvõtteid,False
üli-kee-ru-li-seks,True,ülikeeruliseks,False
üli-mina,True,ülimina,False
üli-sood-sa,True,ülisoodsa,False
ümbru-ses,True,ümbruses,False
üritu-sest,True,üritusest,False
